{
  "id": "",
  "name": "",
  "font_family": "iconfont",
  "css_prefix_text": "icon-",
  "description": "",
  "glyphs": [
    {
      "icon_id": "11474291",
      "name": "integral",
      "font_class": "integral",
      "unicode": "e6f9",
      "unicode_decimal": 59129
    },
    {
      "icon_id": "11474302",
      "name": "nav-list",
      "font_class": "nav-list",
      "unicode": "e6fd",
      "unicode_decimal": 59133
    },
    {
      "icon_id": "11488000",
      "name": "category",
      "font_class": "category",
      "unicode": "e747",
      "unicode_decimal": 59207
    },
    {
      "icon_id": "11488048",
      "name": "hardware",
      "font_class": "hardware",
      "unicode": "e752",
      "unicode_decimal": 59218
    },
    {
      "icon_id": "11488078",
      "name": "Money management",
      "font_class": "Moneymanagement",
      "unicode": "e759",
      "unicode_decimal": 59225
    },
    {
      "icon_id": "11488080",
      "name": "map",
      "font_class": "map",
      "unicode": "e758",
      "unicode_decimal": 59224
    },
    {
      "icon_id": "11488094",
      "name": "phone",
      "font_class": "phone",
      "unicode": "e75c",
      "unicode_decimal": 59228
    },
    {
      "icon_id": "11488100",
      "name": "product",
      "font_class": "product",
      "unicode": "e75d",
      "unicode_decimal": 59229
    },
    {
      "icon_id": "11488138",
      "name": "suggest",
      "font_class": "suggest",
      "unicode": "e767",
      "unicode_decimal": 59239
    },
    {
      "icon_id": "12011697",
      "name": "search",
      "font_class": "search",
      "unicode": "e7b3",
      "unicode_decimal": 59315
    },
    {
      "icon_id": "13087867",
      "name": "flag",
      "font_class": "flag",
      "unicode": "e7ce",
      "unicode_decimal": 59342
    },
    {
      "icon_id": "13087868",
      "name": "falg-fill",
      "font_class": "falg-fill",
      "unicode": "e7cf",
      "unicode_decimal": 59343
    }
  ]
}
